layer,unit,description,similarity,sim correlation
encoder.layers.encoder_layer_22,0,web,0.23928833,-0.033921755850315094
encoder.layers.encoder_layer_22,1,stair,0.20220947,0.14853911101818085
encoder.layers.encoder_layer_22,2,parrot,0.3100891,0.11914434283971786
encoder.layers.encoder_layer_22,3,casio,0.159729,0.04410082474350929
encoder.layers.encoder_layer_22,4,textile,0.21612549,0.1282452493906021
encoder.layers.encoder_layer_22,5,zebra,0.2788086,0.10866077244281769
encoder.layers.encoder_layer_22,6,chefs,0.19223022,0.08042190968990326
encoder.layers.encoder_layer_22,7,radiator,0.20736694,0.09096570312976837
encoder.layers.encoder_layer_22,8,fruit,0.23233032,0.14613263309001923
encoder.layers.encoder_layer_22,9,brushes,0.18972778,0.07913731038570404
encoder.layers.encoder_layer_22,10,radios,0.10675049,0.09188402444124222
encoder.layers.encoder_layer_22,11,mosquito,0.09075928,0.01638532057404518
encoder.layers.encoder_layer_22,12,percussion,0.2098999,0.1267727166414261
encoder.layers.encoder_layer_22,13,motif,0.12915039,0.030395187437534332
encoder.layers.encoder_layer_22,14,keyboard,0.18487549,0.1141306459903717
encoder.layers.encoder_layer_22,15,juvenile,0.2460022,0.1262284219264984
encoder.layers.encoder_layer_22,16,surveying,0.16567993,-0.03588924929499626
encoder.layers.encoder_layer_22,17,monkey,0.18313599,0.136349156498909
encoder.layers.encoder_layer_22,18,juvenile,0.18273926,0.1331871747970581
encoder.layers.encoder_layer_22,19,pens,0.17016602,0.1102069541811943
encoder.layers.encoder_layer_22,20,slug,0.3585205,0.13947562873363495
encoder.layers.encoder_layer_22,21,heidi,0.11361694,0.0608251690864563
encoder.layers.encoder_layer_22,22,snowmobile,0.115753174,0.08109355717897415
encoder.layers.encoder_layer_22,23,telescopes,0.13027954,0.10584616661071777
encoder.layers.encoder_layer_22,24,fruit,0.23016357,0.08022507280111313
encoder.layers.encoder_layer_22,25,screws,0.23016357,0.069147028028965
encoder.layers.encoder_layer_22,26,fungi,0.12884521,0.08963548392057419
encoder.layers.encoder_layer_22,27,bear,0.14300537,0.16991688311100006
encoder.layers.encoder_layer_22,28,juvenile,0.24768066,0.006002463400363922
encoder.layers.encoder_layer_22,29,telephones,0.26062012,0.10587091743946075
encoder.layers.encoder_layer_22,30,manufacturer,0.12231445,0.09995200484991074
encoder.layers.encoder_layer_22,31,svalbard,0.13269043,0.0646224170923233
encoder.layers.encoder_layer_22,32,vehicles,0.15286255,0.15410082042217255
encoder.layers.encoder_layer_22,33,guinea,0.16543579,0.058967240154743195
encoder.layers.encoder_layer_22,34,wildlife,0.20498657,0.15919369459152222
encoder.layers.encoder_layer_22,35,cookware,0.17382812,0.10435052961111069
encoder.layers.encoder_layer_22,36,wholesale,0.2156372,0.0099624153226614
encoder.layers.encoder_layer_22,37,tackling,0.2715149,0.07397748529911041
encoder.layers.encoder_layer_22,38,tackling,0.35653687,0.13219280540943146
encoder.layers.encoder_layer_22,39,aquarium,0.30334473,0.07608158141374588
encoder.layers.encoder_layer_22,40,toilet,0.10562134,0.07922955602407455
encoder.layers.encoder_layer_22,41,fungi,0.4663086,0.03500862047076225
encoder.layers.encoder_layer_22,42,weights,0.3274231,0.06740299612283707
encoder.layers.encoder_layer_22,43,mating,0.17556763,0.17316743731498718
encoder.layers.encoder_layer_22,44,terrier,0.11541748,0.11829248815774918
encoder.layers.encoder_layer_22,45,grid,0.12841797,0.08085170388221741
encoder.layers.encoder_layer_22,46,monkeys,0.11331177,0.06242621690034866
encoder.layers.encoder_layer_22,47,retriever,0.0809021,0.14554348587989807
encoder.layers.encoder_layer_22,48,lobster,0.2727356,0.12496259063482285
encoder.layers.encoder_layer_22,49,female,0.22619629,0.027144933119416237
encoder.layers.encoder_layer_22,50,female,0.21652222,0.026599500328302383
encoder.layers.encoder_layer_22,51,thistle,0.3791504,0.13048134744167328
encoder.layers.encoder_layer_22,52,tents,0.16143799,0.04549076035618782
encoder.layers.encoder_layer_22,53,flower,0.26727295,0.16277636587619781
encoder.layers.encoder_layer_22,54,fungi,0.13931274,0.12143409997224808
encoder.layers.encoder_layer_22,55,tableware,0.10668945,0.1441085934638977
encoder.layers.encoder_layer_22,56,ibis,0.16445923,0.06431954354047775
encoder.layers.encoder_layer_22,57,banner,0.20996094,0.041833847761154175
encoder.layers.encoder_layer_22,58,bloodhound,0.19192505,0.10911446064710617
encoder.layers.encoder_layer_22,59,ordered,0.1741333,-0.1563105285167694
encoder.layers.encoder_layer_22,60,meter,0.19003296,0.11377593874931335
encoder.layers.encoder_layer_22,61,clam,0.23535156,0.16759155690670013
encoder.layers.encoder_layer_22,62,bedrooms,0.29296875,0.07084921002388
encoder.layers.encoder_layer_22,63,ibis,0.26150513,0.1695658564567566
encoder.layers.encoder_layer_22,64,diving,0.23480225,0.07940150052309036
encoder.layers.encoder_layer_22,65,barn,0.34475708,0.10232879966497421
encoder.layers.encoder_layer_22,66,slug,0.17486572,0.03566846624016762
encoder.layers.encoder_layer_22,67,carisoprodol,0.27566528,-0.0038195059169083834
encoder.layers.encoder_layer_22,68,tournament,0.26745605,0.02002139948308468
encoder.layers.encoder_layer_22,69,segments,0.11114502,0.059954944998025894
encoder.layers.encoder_layer_22,70,insect,0.20996094,0.0873498022556305
encoder.layers.encoder_layer_22,71,mating,0.14035034,0.20272378623485565
encoder.layers.encoder_layer_22,72,clarinet,0.11972046,0.08101455122232437
encoder.layers.encoder_layer_22,73,tower,0.2637024,0.13593336939811707
encoder.layers.encoder_layer_22,74,tent,0.122039795,0.07817386090755463
encoder.layers.encoder_layer_22,75,purchased,0.11947632,0.039323654025793076
encoder.layers.encoder_layer_22,76,penguins,0.34951782,0.09506528824567795
encoder.layers.encoder_layer_22,77,cellar,0.1237793,-0.01167592778801918
encoder.layers.encoder_layer_22,78,candles,0.12478638,0.08612949401140213
encoder.layers.encoder_layer_22,79,juvenile,0.2602234,0.14057214558124542
encoder.layers.encoder_layer_22,80,female,0.20907593,0.0696043148636818
encoder.layers.encoder_layer_22,81,juvenile,0.28738403,0.12029308825731277
encoder.layers.encoder_layer_22,82,ferries,0.21157837,0.09653884172439575
encoder.layers.encoder_layer_22,83,dishwasher,0.13720703,0.07430819422006607
encoder.layers.encoder_layer_22,84,backgammon,0.10647583,-0.047021329402923584
encoder.layers.encoder_layer_22,85,venetian,0.20944214,0.08887894451618195
encoder.layers.encoder_layer_22,86,rug,0.13104248,0.07666909694671631
encoder.layers.encoder_layer_22,87,maze,0.16378784,0.09559202194213867
encoder.layers.encoder_layer_22,88,female,0.16842651,-0.007512761279940605
encoder.layers.encoder_layer_22,89,underwater,0.14538574,-0.005113148596137762
encoder.layers.encoder_layer_22,90,terrier,0.33602905,0.19805961847305298
encoder.layers.encoder_layer_22,91,emule,0.15393066,0.0064397226087749004
encoder.layers.encoder_layer_22,92,airborne,0.19699097,0.12333289533853531
encoder.layers.encoder_layer_22,93,social,0.15020752,0.03857345134019852
encoder.layers.encoder_layer_22,94,lattice,0.175354,0.12145474553108215
encoder.layers.encoder_layer_22,95,soaring,0.17001343,0.14766071736812592
encoder.layers.encoder_layer_22,96,juvenile,0.124176025,-0.03592408820986748
encoder.layers.encoder_layer_22,97,dotted,0.12722778,0.021980619058012962
encoder.layers.encoder_layer_22,98,penguins,0.2776184,0.11671832948923111
encoder.layers.encoder_layer_22,99,swan,0.29153442,0.1253976672887802
encoder.layers.encoder_layer_22,100,juvenile,0.27200317,0.07236450165510178
encoder.layers.encoder_layer_22,101,laserjet,0.22332764,0.08887466043233871
encoder.layers.encoder_layer_22,102,antenna,0.13903809,0.050440605729818344
encoder.layers.encoder_layer_22,103,coastline,0.16360474,0.07560081034898758
encoder.layers.encoder_layer_22,104,lighthouse,0.19189453,0.07383281737565994
encoder.layers.encoder_layer_22,105,temple,0.1439209,0.0481904037296772
encoder.layers.encoder_layer_22,106,mating,0.38754272,0.11101581156253815
encoder.layers.encoder_layer_22,107,baskets,0.13290405,0.05496036633849144
encoder.layers.encoder_layer_22,108,pattern,0.2284851,-0.019787495955824852
encoder.layers.encoder_layer_22,109,barrels,0.23092651,0.06828422844409943
encoder.layers.encoder_layer_22,110,reptiles,0.17425537,0.10971029847860336
encoder.layers.encoder_layer_22,111,kitchens,0.21862793,0.07278195768594742
encoder.layers.encoder_layer_22,112,escherichia,0.06878662,0.0010162636172026396
encoder.layers.encoder_layer_22,113,broccoli,0.19189453,0.10572198778390884
encoder.layers.encoder_layer_22,114,zebra,0.29022217,0.07698484510183334
encoder.layers.encoder_layer_22,115,collier,0.1418457,0.07202531397342682
encoder.layers.encoder_layer_22,116,fossil,0.34991455,0.15665750205516815
encoder.layers.encoder_layer_22,117,furnished,0.15768433,0.08821208775043488
encoder.layers.encoder_layer_22,118,penguins,0.197052,0.09282766282558441
encoder.layers.encoder_layer_22,119,writing,0.121520996,0.04815785586833954
encoder.layers.encoder_layer_22,120,guinea,0.46826172,0.07523095607757568
encoder.layers.encoder_layer_22,121,purse,0.23522949,0.12758734822273254
encoder.layers.encoder_layer_22,122,monkey,0.18682861,0.12242746353149414
encoder.layers.encoder_layer_22,123,clarinet,0.09585571,0.041104551404714584
encoder.layers.encoder_layer_22,124,rug,0.2546692,0.04386380314826965
encoder.layers.encoder_layer_22,125,bathing,0.16519165,0.039786163717508316
encoder.layers.encoder_layer_22,126,maze,0.1126709,0.10513921082019806
encoder.layers.encoder_layer_22,127,grille,0.22225952,0.10830070823431015
encoder.layers.encoder_layer_22,128,hockey,0.16860962,0.11320265382528305
encoder.layers.encoder_layer_22,129,monkeys,0.15408325,0.08955027908086777
encoder.layers.encoder_layer_22,130,fossil,0.26004028,0.1192823275923729
encoder.layers.encoder_layer_22,131,turtle,0.24801636,0.11303111910820007
encoder.layers.encoder_layer_22,132,carriage,0.19174194,0.09390676766633987
encoder.layers.encoder_layer_22,133,zebra,0.10458374,0.040655504912137985
encoder.layers.encoder_layer_22,134,snorkeling,0.20733643,0.1483467072248459
encoder.layers.encoder_layer_22,135,habit,0.22451782,-0.04327075183391571
encoder.layers.encoder_layer_22,136,pattern,0.14157104,0.0562264546751976
encoder.layers.encoder_layer_22,137,volleyball,0.15084839,0.09118470549583435
encoder.layers.encoder_layer_22,138,male,0.3458252,0.052286501973867416
encoder.layers.encoder_layer_22,139,bloodhound,0.19393921,0.05329067260026932
encoder.layers.encoder_layer_22,140,basename,0.23214722,0.04418198764324188
encoder.layers.encoder_layer_22,141,badger,0.35403442,0.11786508560180664
encoder.layers.encoder_layer_22,142,ironing,0.17999268,0.08919607102870941
encoder.layers.encoder_layer_22,143,pineapple,0.4074402,0.15366414189338684
encoder.layers.encoder_layer_22,144,terrier,0.29293823,0.20390141010284424
encoder.layers.encoder_layer_22,145,bear,0.33151245,0.06397687643766403
encoder.layers.encoder_layer_22,146,mating,0.17492676,0.1429513692855835
encoder.layers.encoder_layer_22,147,swan,0.26239014,0.15078017115592957
encoder.layers.encoder_layer_22,148,clarinet,0.12307739,0.05349581316113472
encoder.layers.encoder_layer_22,149,basename,0.20321655,-0.01032981462776661
encoder.layers.encoder_layer_22,150,column,0.18536377,0.059410158544778824
encoder.layers.encoder_layer_22,151,injections,0.17166138,0.07579685002565384
encoder.layers.encoder_layer_22,152,lattice,0.21844482,0.07138611376285553
encoder.layers.encoder_layer_22,153,dragonfly,0.72824097,0.16951318085193634
encoder.layers.encoder_layer_22,154,fungi,0.37991333,0.08473627269268036
encoder.layers.encoder_layer_22,155,rope,0.18655396,0.06796256452798843
encoder.layers.encoder_layer_22,156,handset,0.2124939,0.11374570429325104
encoder.layers.encoder_layer_22,157,cheyenne,0.17196655,0.10043209791183472
encoder.layers.encoder_layer_22,158,zebra,0.27734375,0.07843183726072311
encoder.layers.encoder_layer_22,159,finch,0.24090576,0.0894843265414238
encoder.layers.encoder_layer_22,160,wildlife,0.16519165,0.061503972858190536
encoder.layers.encoder_layer_22,161,turtle,0.14932251,0.10150885581970215
encoder.layers.encoder_layer_22,162,peacock,0.1663208,0.07043332606554031
encoder.layers.encoder_layer_22,163,squash,0.28536987,0.08283812552690506
encoder.layers.encoder_layer_22,164,temporal,0.076812744,-0.024677330628037453
encoder.layers.encoder_layer_22,165,juvenile,0.28286743,0.09250803291797638
encoder.layers.encoder_layer_22,166,pineapple,0.1267395,0.06363046914339066
encoder.layers.encoder_layer_22,167,swan,0.31192017,0.12841317057609558
encoder.layers.encoder_layer_22,168,mating,0.34173584,0.041589219123125076
encoder.layers.encoder_layer_22,169,slug,0.15133667,0.0787583589553833
encoder.layers.encoder_layer_22,170,monkey,0.13269043,0.03236514329910278
encoder.layers.encoder_layer_22,171,cabinets,0.25195312,0.16235095262527466
encoder.layers.encoder_layer_22,172,fungi,0.17556763,0.13021977245807648
encoder.layers.encoder_layer_22,173,bees,0.3433838,0.10435730218887329
encoder.layers.encoder_layer_22,174,baseball,0.2632141,0.11333947628736496
encoder.layers.encoder_layer_22,175,puppy,0.1354065,0.20976510643959045
encoder.layers.encoder_layer_22,176,eagle,0.20236206,0.11073438078165054
encoder.layers.encoder_layer_22,177,dog,0.14663696,0.28690603375434875
encoder.layers.encoder_layer_22,178,shark,0.1560669,0.08295585215091705
encoder.layers.encoder_layer_22,179,observatory,0.3430786,0.11861126869916916
encoder.layers.encoder_layer_22,180,badger,0.23712158,0.04818080738186836
encoder.layers.encoder_layer_22,181,fungi,0.48138428,0.1481107920408249
encoder.layers.encoder_layer_22,182,juvenile,0.20443726,0.12843424081802368
encoder.layers.encoder_layer_22,183,overlay,0.1479187,0.06874316930770874
encoder.layers.encoder_layer_22,184,juvenile,0.276062,0.09883546829223633
encoder.layers.encoder_layer_22,185,specimens,0.14935303,0.09932425618171692
encoder.layers.encoder_layer_22,186,utensils,0.23876953,0.15525870025157928
encoder.layers.encoder_layer_22,187,bedrooms,0.12930298,0.08131614327430725
encoder.layers.encoder_layer_22,188,nursery,0.44491577,0.11054889857769012
encoder.layers.encoder_layer_22,189,hdd,0.19647217,0.0826750323176384
encoder.layers.encoder_layer_22,190,radiator,0.36547852,0.12162326276302338
encoder.layers.encoder_layer_22,191,carriers,0.12054443,0.03211510553956032
encoder.layers.encoder_layer_22,192,airfares,0.19052124,0.08412161469459534
encoder.layers.encoder_layer_22,193,wrench,0.10571289,0.057015981525182724
encoder.layers.encoder_layer_22,194,bees,0.20758057,0.07007445394992828
encoder.layers.encoder_layer_22,195,pike,0.2781067,0.08491113036870956
encoder.layers.encoder_layer_22,196,trees,0.169281,0.0807228535413742
encoder.layers.encoder_layer_22,197,terrier,0.25164795,0.18324162065982819
encoder.layers.encoder_layer_22,198,foam,0.10903931,0.07672907412052155
encoder.layers.encoder_layer_22,199,fungi,0.41082764,0.18307633697986603
encoder.layers.encoder_layer_22,200,juvenile,0.18585205,0.05677110701799393
encoder.layers.encoder_layer_22,201,shell,0.19442749,0.07987185567617416
encoder.layers.encoder_layer_22,202,hummer,0.40957642,0.02465219795703888
encoder.layers.encoder_layer_22,203,dogs,0.14996338,0.24598266184329987
encoder.layers.encoder_layer_22,204,snake,0.27764893,0.07052241265773773
encoder.layers.encoder_layer_22,205,slug,0.27435303,0.11258480697870255
encoder.layers.encoder_layer_22,206,guinea,0.24713135,0.1486494541168213
encoder.layers.encoder_layer_22,207,bloodhound,0.14898682,0.005348944570869207
encoder.layers.encoder_layer_22,208,blanca,0.13830566,0.09640224277973175
encoder.layers.encoder_layer_22,209,textile,0.19406128,0.09160614013671875
encoder.layers.encoder_layer_22,210,zebra,0.20861816,0.07434108853340149
encoder.layers.encoder_layer_22,211,social,0.16073608,0.0323263518512249
encoder.layers.encoder_layer_22,212,terrier,0.1663208,0.047958508133888245
encoder.layers.encoder_layer_22,213,fur,0.19155884,0.2604796290397644
encoder.layers.encoder_layer_22,214,web,0.09686279,0.039743732661008835
encoder.layers.encoder_layer_22,215,juvenile,0.24429321,0.1020013689994812
encoder.layers.encoder_layer_22,216,daisy,0.19552612,0.12355895340442657
encoder.layers.encoder_layer_22,217,juvenile,0.13604736,0.05523214116692543
encoder.layers.encoder_layer_22,218,equipment,0.16134644,0.08591891080141068
encoder.layers.encoder_layer_22,219,juvenile,0.29263306,0.156467005610466
encoder.layers.encoder_layer_22,220,vaults,0.115112305,0.06067059561610222
encoder.layers.encoder_layer_22,221,lattice,0.26153564,-0.023867882788181305
encoder.layers.encoder_layer_22,222,dog,0.30877686,0.2317945659160614
encoder.layers.encoder_layer_22,223,rowing,0.35464478,0.1156202182173729
encoder.layers.encoder_layer_22,224,membrane,0.19616699,0.1155344769358635
encoder.layers.encoder_layer_22,225,swimming,0.20809937,0.05582914128899574
encoder.layers.encoder_layer_22,226,orchid,0.43099976,0.08920636773109436
encoder.layers.encoder_layer_22,227,wildlife,0.250885,0.2636128067970276
encoder.layers.encoder_layer_22,228,bedrooms,0.33200073,0.08959855139255524
encoder.layers.encoder_layer_22,229,puppy,0.20648193,0.12779425084590912
encoder.layers.encoder_layer_22,230,insects,0.18850708,0.2471809983253479
encoder.layers.encoder_layer_22,231,female,0.24194336,0.05137434974312782
encoder.layers.encoder_layer_22,232,sweets,0.14620972,0.06148231402039528
encoder.layers.encoder_layer_22,233,gymnastics,0.22796631,0.10386160016059875
encoder.layers.encoder_layer_22,234,medications,0.1673584,0.0778963640332222
encoder.layers.encoder_layer_22,235,crane,0.14401245,0.07201482355594635
encoder.layers.encoder_layer_22,236,terrier,0.24597168,0.07388727366924286
encoder.layers.encoder_layer_22,237,female,0.32122803,0.027871549129486084
encoder.layers.encoder_layer_22,238,wildlife,0.19940186,0.20395991206169128
encoder.layers.encoder_layer_22,239,dishwasher,0.18261719,0.05820971727371216
encoder.layers.encoder_layer_22,240,stain,0.14846802,0.008495760150253773
encoder.layers.encoder_layer_22,241,fungi,0.17922974,0.18456456065177917
encoder.layers.encoder_layer_22,242,pelican,0.22106934,0.09456586837768555
encoder.layers.encoder_layer_22,243,wildlife,0.16845703,0.2026197612285614
encoder.layers.encoder_layer_22,244,juvenile,0.43414307,0.16463708877563477
encoder.layers.encoder_layer_22,245,ascii,0.2131958,0.033096425235271454
encoder.layers.encoder_layer_22,246,mating,0.12854004,-0.01886163279414177
encoder.layers.encoder_layer_22,247,parrot,0.18826294,0.0682627335190773
encoder.layers.encoder_layer_22,248,habit,0.18710327,-0.019394278526306152
encoder.layers.encoder_layer_22,249,feather,0.1269226,0.07979775965213776
encoder.layers.encoder_layer_22,250,cushions,0.27474976,0.11490827053785324
encoder.layers.encoder_layer_22,251,brushes,0.14266968,0.05575498938560486
encoder.layers.encoder_layer_22,252,terrier,0.38900757,0.301338791847229
encoder.layers.encoder_layer_22,253,lattice,0.11340332,0.01707369275391102
encoder.layers.encoder_layer_22,254,peacock,0.27767944,0.09992269426584244
encoder.layers.encoder_layer_22,255,monkeys,0.13101196,0.09075970202684402
encoder.layers.encoder_layer_22,256,dragonfly,0.6253662,0.15913425385951996
encoder.layers.encoder_layer_22,257,orchid,0.10189819,0.05095914006233215
encoder.layers.encoder_layer_22,258,ferries,0.1769104,0.08304081857204437
encoder.layers.encoder_layer_22,259,dragonfly,0.4196167,0.15168365836143494
encoder.layers.encoder_layer_22,260,fruit,0.20187378,0.08188147842884064
encoder.layers.encoder_layer_22,261,bei,0.16351318,-0.00965649913996458
encoder.layers.encoder_layer_22,262,incense,0.15563965,0.06963188946247101
encoder.layers.encoder_layer_22,263,cucumber,0.20639038,0.08418119698762894
encoder.layers.encoder_layer_22,264,basename,0.1427002,0.013216069899499416
encoder.layers.encoder_layer_22,265,carisoprodol,0.33355713,0.01510758325457573
encoder.layers.encoder_layer_22,266,mating,0.23709106,0.05462697520852089
encoder.layers.encoder_layer_22,267,kitchens,0.27148438,0.14786000549793243
encoder.layers.encoder_layer_22,268,manufacturer,0.13406372,0.044305469840765
encoder.layers.encoder_layer_22,269,instrument,0.14953613,0.20517970621585846
encoder.layers.encoder_layer_22,270,habitat,0.22195435,0.14559300243854523
encoder.layers.encoder_layer_22,271,airborne,0.15505981,0.05907025560736656
encoder.layers.encoder_layer_22,272,madagascar,0.15829468,0.033796049654483795
encoder.layers.encoder_layer_22,273,dotted,0.268219,0.08344766497612
encoder.layers.encoder_layer_22,274,fungi,0.32052612,0.16889603435993195
encoder.layers.encoder_layer_22,275,slug,0.3737793,0.1269155889749527
encoder.layers.encoder_layer_22,276,tiles,0.13858032,0.08225013315677643
encoder.layers.encoder_layer_22,277,aerosol,0.08441162,0.022695790976285934
encoder.layers.encoder_layer_22,278,juvenile,0.34902954,0.12224645167589188
encoder.layers.encoder_layer_22,279,peacock,0.30767822,0.10938072949647903
encoder.layers.encoder_layer_22,280,laserjet,0.2624817,0.11611467599868774
encoder.layers.encoder_layer_22,281,bees,0.24639893,0.08473282307386398
encoder.layers.encoder_layer_22,282,juvenile,0.34976196,0.1840904951095581
encoder.layers.encoder_layer_22,283,saws,0.2015686,0.10389357805252075
encoder.layers.encoder_layer_22,284,keyboard,0.3022766,0.15548743307590485
encoder.layers.encoder_layer_22,285,chestnut,0.41305542,0.1354953944683075
encoder.layers.encoder_layer_22,286,dotted,0.17929077,0.08286914974451065
encoder.layers.encoder_layer_22,287,telephone,0.37384033,0.12169630080461502
encoder.layers.encoder_layer_22,288,mating,0.27435303,0.15163329243659973
encoder.layers.encoder_layer_22,289,ascii,0.24224854,0.006282423157244921
encoder.layers.encoder_layer_22,290,blinds,0.19992065,0.101458840072155
encoder.layers.encoder_layer_22,291,cottages,0.19326782,0.08970611542463303
encoder.layers.encoder_layer_22,292,fruit,0.32522583,0.1304585486650467
encoder.layers.encoder_layer_22,293,terrier,0.33657837,0.16128601133823395
encoder.layers.encoder_layer_22,294,pancreatic,0.18600464,0.07601651549339294
encoder.layers.encoder_layer_22,295,mating,0.32421875,0.18946020305156708
encoder.layers.encoder_layer_22,296,gymnastics,0.22018433,0.11662540584802628
encoder.layers.encoder_layer_22,297,gymnastics,0.19543457,0.11743509024381638
encoder.layers.encoder_layer_22,298,specimen,0.12768555,0.04920468106865883
encoder.layers.encoder_layer_22,299,crochet,0.13531494,0.046575333923101425
encoder.layers.encoder_layer_22,300,sharks,0.089416504,0.07915933430194855
encoder.layers.encoder_layer_22,301,fungi,0.14059448,0.08642140030860901
encoder.layers.encoder_layer_22,302,bloodhound,0.39120483,0.16933979094028473
encoder.layers.encoder_layer_22,303,spider,0.27859497,0.16006430983543396
encoder.layers.encoder_layer_22,304,baseball,0.23757935,0.1080012246966362
encoder.layers.encoder_layer_22,305,carts,0.1479187,-0.015089615248143673
encoder.layers.encoder_layer_22,306,wildlife,0.2006836,0.19856861233711243
encoder.layers.encoder_layer_22,307,otter,0.10095215,0.08627241104841232
encoder.layers.encoder_layer_22,308,ipod,0.2243042,0.06766373664140701
encoder.layers.encoder_layer_22,309,helmet,0.23495483,0.1683192253112793
encoder.layers.encoder_layer_22,310,hawk,0.16461182,0.10541524738073349
encoder.layers.encoder_layer_22,311,tennis,0.15679932,0.09162666648626328
encoder.layers.encoder_layer_22,312,mating,0.31350708,0.1480645090341568
encoder.layers.encoder_layer_22,313,rifles,0.21881104,0.08598508685827255
encoder.layers.encoder_layer_22,314,dotted,0.15014648,0.048166222870349884
encoder.layers.encoder_layer_22,315,juvenile,0.2899475,-0.015991462394595146
encoder.layers.encoder_layer_22,316,tournament,0.33032227,0.11410164833068848
encoder.layers.encoder_layer_22,317,web,0.24710083,-0.01710825227200985
encoder.layers.encoder_layer_22,318,zebra,0.36914062,0.11077190935611725
encoder.layers.encoder_layer_22,319,dog,0.22198486,0.4219664931297302
encoder.layers.encoder_layer_22,320,shuttle,0.2425232,0.0638660192489624
encoder.layers.encoder_layer_22,321,shellfish,0.19552612,0.1621994823217392
encoder.layers.encoder_layer_22,322,seals,0.17501831,0.07062471657991409
encoder.layers.encoder_layer_22,323,terrier,0.29101562,0.15424413979053497
encoder.layers.encoder_layer_22,324,textile,0.36761475,0.06989824771881104
encoder.layers.encoder_layer_22,325,checker,0.13781738,0.06617152690887451
encoder.layers.encoder_layer_22,326,retrieving,0.13143921,0.11153017729520798
encoder.layers.encoder_layer_22,327,bloodhound,0.28564453,0.030127951875329018
encoder.layers.encoder_layer_22,328,organ,0.30145264,0.11885066330432892
encoder.layers.encoder_layer_22,329,airborne,0.15774536,0.051982294768095016
encoder.layers.encoder_layer_22,330,weights,0.13470459,0.033122576773166656
encoder.layers.encoder_layer_22,331,kayaking,0.20495605,0.08036839962005615
encoder.layers.encoder_layer_22,332,landscapes,0.15081787,0.1868044137954712
encoder.layers.encoder_layer_22,333,swan,0.33035278,0.15858756005764008
encoder.layers.encoder_layer_22,334,terrier,0.3600464,0.14067913591861725
encoder.layers.encoder_layer_22,335,juvenile,0.27313232,0.1424439400434494
encoder.layers.encoder_layer_22,336,flower,0.12683105,0.10696917772293091
encoder.layers.encoder_layer_22,337,slots,0.30773926,0.0739903450012207
encoder.layers.encoder_layer_22,338,ibis,0.18371582,0.10870812833309174
encoder.layers.encoder_layer_22,339,fisheries,0.21261597,0.12901440262794495
encoder.layers.encoder_layer_22,340,bees,0.1661377,0.07444893568754196
encoder.layers.encoder_layer_22,341,street,0.15722656,0.0753321573138237
encoder.layers.encoder_layer_22,342,fasteners,0.19033813,0.06806379556655884
encoder.layers.encoder_layer_22,343,female,0.21456909,0.009748085401952267
encoder.layers.encoder_layer_22,344,coral,0.22711182,0.08586882054805756
encoder.layers.encoder_layer_22,345,textile,0.33291626,-0.0216054804623127
encoder.layers.encoder_layer_22,346,perfumes,0.2828369,0.09833823889493942
encoder.layers.encoder_layer_22,347,coyote,0.27468872,0.12930212914943695
encoder.layers.encoder_layer_22,348,monkey,0.19778442,0.09104954451322556
encoder.layers.encoder_layer_22,349,observatory,0.18261719,0.08157891780138016
encoder.layers.encoder_layer_22,350,bear,0.19607544,-0.0048437826335430145
encoder.layers.encoder_layer_22,351,gymnastics,0.27200317,0.11510232836008072
encoder.layers.encoder_layer_22,352,zebra,0.5572815,0.13022463023662567
encoder.layers.encoder_layer_22,353,partitioning,0.20297241,0.0659794807434082
encoder.layers.encoder_layer_22,354,snorkeling,0.17840576,-0.010611052624881268
encoder.layers.encoder_layer_22,355,spiral,0.13973999,0.03351142257452011
encoder.layers.encoder_layer_22,356,slug,0.29266357,0.16961096227169037
encoder.layers.encoder_layer_22,357,weights,0.3033142,0.06519963592290878
encoder.layers.encoder_layer_22,358,percussion,0.15283203,0.103925421833992
encoder.layers.encoder_layer_22,359,barbecue,0.14837646,0.06091415137052536
encoder.layers.encoder_layer_22,360,benches,0.23239136,0.11448121070861816
encoder.layers.encoder_layer_22,361,segments,0.14334106,-0.016274264082312584
encoder.layers.encoder_layer_22,362,figs,0.22781372,0.07208183407783508
encoder.layers.encoder_layer_22,363,mating,0.20291138,-0.04495106264948845
encoder.layers.encoder_layer_22,364,grid,0.12295532,0.032943401485681534
encoder.layers.encoder_layer_22,365,barn,0.16784668,0.09565132111310959
encoder.layers.encoder_layer_22,366,gauge,0.112579346,0.08085227757692337
encoder.layers.encoder_layer_22,367,instrument,0.15713501,0.16125358641147614
encoder.layers.encoder_layer_22,368,shell,0.16421509,0.06198601797223091
encoder.layers.encoder_layer_22,369,webs,0.23010254,0.06270885467529297
encoder.layers.encoder_layer_22,370,terrier,0.42236328,0.14291882514953613
encoder.layers.encoder_layer_22,371,shark,0.21829224,0.09849459677934647
encoder.layers.encoder_layer_22,372,urn,0.2220459,0.13981740176677704
encoder.layers.encoder_layer_22,373,terrier,0.101623535,0.0723782330751419
encoder.layers.encoder_layer_22,374,jukebox,0.19155884,0.0677151158452034
encoder.layers.encoder_layer_22,375,seals,0.105163574,0.06467410176992416
encoder.layers.encoder_layer_22,376,siberian,0.30230713,0.2256360799074173
encoder.layers.encoder_layer_22,377,thistle,0.6883545,0.2179100066423416
encoder.layers.encoder_layer_22,378,regiment,0.30612183,0.0676271989941597
encoder.layers.encoder_layer_22,379,bees,0.15960693,0.05672978609800339
encoder.layers.encoder_layer_22,380,mating,0.12197876,-0.010151649825274944
encoder.layers.encoder_layer_22,381,mating,0.31643677,0.1394573599100113
encoder.layers.encoder_layer_22,382,greenhouse,0.1748352,0.0607098788022995
encoder.layers.encoder_layer_22,383,espresso,0.118927,0.07823272049427032
encoder.layers.encoder_layer_22,384,peacock,0.3015442,0.08469153940677643
encoder.layers.encoder_layer_22,385,bedrooms,0.4180298,0.09098472446203232
encoder.layers.encoder_layer_22,386,canopy,0.13293457,0.05533948913216591
encoder.layers.encoder_layer_22,387,sign,0.21347046,0.09491205960512161
encoder.layers.encoder_layer_22,388,toaster,0.08016968,0.07120189815759659
encoder.layers.encoder_layer_22,389,iss,0.22720337,-0.06796903908252716
encoder.layers.encoder_layer_22,390,volleyball,0.24746704,0.08438126742839813
encoder.layers.encoder_layer_22,391,grid,0.11743164,0.09869194775819778
encoder.layers.encoder_layer_22,392,ray,0.12094116,0.011940891854465008
encoder.layers.encoder_layer_22,393,juvenile,0.16464233,0.09318163245916367
encoder.layers.encoder_layer_22,394,airborne,0.12960815,0.028572453185915947
encoder.layers.encoder_layer_22,395,salon,0.14233398,0.10201732069253922
encoder.layers.encoder_layer_22,396,modems,0.25198364,0.06843189150094986
encoder.layers.encoder_layer_22,397,mating,0.28656006,0.12090076506137848
encoder.layers.encoder_layer_22,398,music,0.1234436,0.1280210316181183
encoder.layers.encoder_layer_22,399,pedigree,0.2852478,0.16848500072956085
encoder.layers.encoder_layer_22,400,quilting,0.26971436,0.1408393234014511
encoder.layers.encoder_layer_22,401,dessert,0.20257568,0.09157238155603409
encoder.layers.encoder_layer_22,402,trees,0.28927612,0.10410071909427643
encoder.layers.encoder_layer_22,403,dog,0.32147217,0.31713351607322693
encoder.layers.encoder_layer_22,404,underwater,0.206604,0.11279661953449249
encoder.layers.encoder_layer_22,405,accessories,0.14498901,0.19423365592956543
encoder.layers.encoder_layer_22,406,juvenile,0.18353271,-0.014807536266744137
encoder.layers.encoder_layer_22,407,head,0.15130615,-0.022188792005181313
encoder.layers.encoder_layer_22,408,mating,0.20697021,0.20727068185806274
encoder.layers.encoder_layer_22,409,weights,0.21420288,0.07054708898067474
encoder.layers.encoder_layer_22,410,fruit,0.27020264,0.16873204708099365
encoder.layers.encoder_layer_22,411,lattice,0.27929688,0.006517763715237379
encoder.layers.encoder_layer_22,412,textile,0.23547363,0.13606251776218414
encoder.layers.encoder_layer_22,413,ibis,0.24636841,0.0786634087562561
encoder.layers.encoder_layer_22,414,monkeys,0.20483398,0.07550351321697235
encoder.layers.encoder_layer_22,415,blinds,0.18548584,0.06433601677417755
encoder.layers.encoder_layer_22,416,elk,0.2206726,0.0054776789620518684
encoder.layers.encoder_layer_22,417,terrier,0.1687622,0.23316289484500885
encoder.layers.encoder_layer_22,418,clarinet,0.22033691,0.08686485141515732
encoder.layers.encoder_layer_22,419,mating,0.38134766,0.03343725576996803
encoder.layers.encoder_layer_22,420,weights,0.25091553,0.09356006234884262
encoder.layers.encoder_layer_22,421,maze,0.19958496,0.11077297478914261
encoder.layers.encoder_layer_22,422,dog,0.11065674,0.09232304990291595
encoder.layers.encoder_layer_22,423,pelican,0.08200073,-0.0623459629714489
encoder.layers.encoder_layer_22,424,zebra,0.09967041,0.028205465525388718
encoder.layers.encoder_layer_22,425,skates,0.15759277,0.03471539914608002
encoder.layers.encoder_layer_22,426,rabbit,0.31433105,0.113876111805439
encoder.layers.encoder_layer_22,427,flamingo,0.19683838,0.027911106124520302
encoder.layers.encoder_layer_22,428,boats,0.14865112,0.1463811844587326
encoder.layers.encoder_layer_22,429,drosophila,0.28155518,0.025168098509311676
encoder.layers.encoder_layer_22,430,whales,0.101257324,0.0793062075972557
encoder.layers.encoder_layer_22,431,panda,0.16784668,0.07539758086204529
encoder.layers.encoder_layer_22,432,wholesalers,0.15109253,0.03156963735818863
encoder.layers.encoder_layer_22,433,fasteners,0.33688354,0.07365048676729202
encoder.layers.encoder_layer_22,434,peacock,0.22329712,0.09806756675243378
encoder.layers.encoder_layer_22,435,dots,0.17642212,0.05055638775229454
encoder.layers.encoder_layer_22,436,dog,0.2741394,0.3361610770225525
encoder.layers.encoder_layer_22,437,spindle,0.3446045,0.07311549782752991
encoder.layers.encoder_layer_22,438,squash,0.1592102,0.08327287435531616
encoder.layers.encoder_layer_22,439,juvenile,0.13687134,0.08148650825023651
encoder.layers.encoder_layer_22,440,nursery,0.24603271,0.06866329908370972
encoder.layers.encoder_layer_22,441,macro,0.091308594,0.08845891803503036
encoder.layers.encoder_layer_22,442,limousine,0.22241211,0.03590438887476921
encoder.layers.encoder_layer_22,443,terrier,0.20373535,0.1363196223974228
encoder.layers.encoder_layer_22,444,towing,0.16818237,0.0330645814538002
encoder.layers.encoder_layer_22,445,swings,0.13864136,0.003530981484800577
encoder.layers.encoder_layer_22,446,manufacturer,0.12701416,0.08126886934041977
encoder.layers.encoder_layer_22,447,yellowstone,0.14996338,0.06805994361639023
encoder.layers.encoder_layer_22,448,mating,0.29467773,0.09722404927015305
encoder.layers.encoder_layer_22,449,radiator,0.34857178,0.09870293736457825
encoder.layers.encoder_layer_22,450,stripes,0.536438,0.04946059733629227
encoder.layers.encoder_layer_22,451,tournament,0.17303467,0.05446624755859375
encoder.layers.encoder_layer_22,452,stripes,0.31604004,-0.014327622018754482
encoder.layers.encoder_layer_22,453,spindle,0.24542236,0.0491538867354393
encoder.layers.encoder_layer_22,454,products,0.14971924,0.013994528912007809
encoder.layers.encoder_layer_22,455,hoodia,0.16375732,0.011630221270024776
encoder.layers.encoder_layer_22,456,chunk,0.11514282,0.043495647609233856
encoder.layers.encoder_layer_22,457,bananas,0.19052124,0.044901784509420395
encoder.layers.encoder_layer_22,458,percussion,0.17822266,0.11519339680671692
encoder.layers.encoder_layer_22,459,parrot,0.29464722,0.09567209333181381
encoder.layers.encoder_layer_22,460,yellowstone,0.14950562,0.046989113092422485
encoder.layers.encoder_layer_22,461,organ,0.11425781,0.07590454071760178
encoder.layers.encoder_layer_22,462,greyhound,0.08905029,0.025353984907269478
encoder.layers.encoder_layer_22,463,rainforest,0.1932373,0.13408969342708588
encoder.layers.encoder_layer_22,464,social,0.117492676,0.013512537814676762
encoder.layers.encoder_layer_22,465,laserjet,0.55392456,0.1261940449476242
encoder.layers.encoder_layer_22,466,banner,0.15283203,0.002210964448750019
encoder.layers.encoder_layer_22,467,fore,0.2425232,0.057140834629535675
encoder.layers.encoder_layer_22,468,travel,0.12084961,0.09096543490886688
encoder.layers.encoder_layer_22,469,tournament,0.25204468,0.1034993901848793
encoder.layers.encoder_layer_22,470,perfumes,0.17733765,0.08032834529876709
encoder.layers.encoder_layer_22,471,juvenile,0.16345215,0.1080094575881958
encoder.layers.encoder_layer_22,472,fruits,0.2546692,0.10338703542947769
encoder.layers.encoder_layer_22,473,tournament,0.2880249,-0.036660052835941315
encoder.layers.encoder_layer_22,474,keyboard,0.32992554,0.07707776129245758
encoder.layers.encoder_layer_22,475,sax,0.111846924,0.070857934653759
encoder.layers.encoder_layer_22,476,clarinet,0.18167114,0.07086214423179626
encoder.layers.encoder_layer_22,477,piano,0.30993652,0.13216955959796906
encoder.layers.encoder_layer_22,478,fig,0.09277344,0.051779814064502716
encoder.layers.encoder_layer_22,479,female,0.2093811,-0.016427677124738693
encoder.layers.encoder_layer_22,480,utensils,0.21051025,0.07278665155172348
encoder.layers.encoder_layer_22,481,wrench,0.08847046,0.05153295397758484
encoder.layers.encoder_layer_22,482,equine,0.1850586,0.10473737120628357
encoder.layers.encoder_layer_22,483,slug,0.2578125,0.13070636987686157
encoder.layers.encoder_layer_22,484,radiator,0.5054016,0.11599183827638626
encoder.layers.encoder_layer_22,485,lighter,0.19165039,0.030209669843316078
encoder.layers.encoder_layer_22,486,mating,0.22424316,0.09123880416154861
encoder.layers.encoder_layer_22,487,mating,0.13659668,0.1794116348028183
encoder.layers.encoder_layer_22,488,undergraduates,0.15072632,0.062239982187747955
encoder.layers.encoder_layer_22,489,harp,0.1459961,0.09189819544553757
encoder.layers.encoder_layer_22,490,juvenile,0.26205444,0.12335620820522308
encoder.layers.encoder_layer_22,491,webs,0.355011,0.06642166525125504
encoder.layers.encoder_layer_22,492,keypad,0.1696167,0.0905965119600296
encoder.layers.encoder_layer_22,493,specimen,0.34484863,0.06702180206775665
encoder.layers.encoder_layer_22,494,organ,0.362854,0.12975415587425232
encoder.layers.encoder_layer_22,495,specimen,0.24261475,0.10798276215791702
encoder.layers.encoder_layer_22,496,wicker,0.39160156,0.0937335342168808
encoder.layers.encoder_layer_22,497,greyhound,0.1550293,0.12751054763793945
encoder.layers.encoder_layer_22,498,gong,0.3019104,0.11276541650295258
encoder.layers.encoder_layer_22,499,percussion,0.4474182,0.15746304392814636
encoder.layers.encoder_layer_22,500,dome,0.20562744,0.1258571296930313
encoder.layers.encoder_layer_22,501,oven,0.20391846,0.09269946813583374
encoder.layers.encoder_layer_22,502,juvenile,0.32876587,0.12616880238056183
encoder.layers.encoder_layer_22,503,female,0.18746948,0.022134946659207344
encoder.layers.encoder_layer_22,504,stripes,0.16616821,0.03319423273205757
encoder.layers.encoder_layer_22,505,juvenile,0.3621521,0.1686018407344818
encoder.layers.encoder_layer_22,506,female,0.4546814,0.03731366991996765
encoder.layers.encoder_layer_22,507,medications,0.12536621,0.08150980621576309
encoder.layers.encoder_layer_22,508,yellowstone,0.22250366,0.08533504605293274
encoder.layers.encoder_layer_22,509,juvenile,0.18875122,0.10988225787878036
encoder.layers.encoder_layer_22,510,broccoli,0.10836792,0.09176579117774963
encoder.layers.encoder_layer_22,511,pavilion,0.14202881,0.16439446806907654
encoder.layers.encoder_layer_22,512,analyzer,0.28759766,0.1450328677892685
encoder.layers.encoder_layer_22,513,spindle,0.22891235,0.058371271938085556
encoder.layers.encoder_layer_22,514,monkeys,0.23886108,0.0605161190032959
encoder.layers.encoder_layer_22,515,tournament,0.20184326,0.03751849755644798
encoder.layers.encoder_layer_22,516,fungi,0.25494385,0.11400321125984192
encoder.layers.encoder_layer_22,517,bowl,0.10876465,0.08906569331884384
encoder.layers.encoder_layer_22,518,missile,0.23034668,0.10540151596069336
encoder.layers.encoder_layer_22,519,pong,0.12432861,0.04911748692393303
encoder.layers.encoder_layer_22,520,swan,0.3257141,0.14510849118232727
encoder.layers.encoder_layer_22,521,lighthouse,0.12774658,0.029819617047905922
encoder.layers.encoder_layer_22,522,humphrey,0.22216797,0.21584990620613098
encoder.layers.encoder_layer_22,523,pendant,0.20718384,0.05884743109345436
encoder.layers.encoder_layer_22,524,webs,0.61169434,0.11691676825284958
encoder.layers.encoder_layer_22,525,spiral,0.4363098,0.026847606524825096
encoder.layers.encoder_layer_22,526,peacock,0.25112915,0.07707376033067703
encoder.layers.encoder_layer_22,527,weights,0.302063,0.06828264147043228
encoder.layers.encoder_layer_22,528,walkman,0.21966553,0.07271275669336319
encoder.layers.encoder_layer_22,529,participant,0.17596436,0.018826177343726158
encoder.layers.encoder_layer_22,530,hare,0.4704895,0.13097840547561646
encoder.layers.encoder_layer_22,531,monkey,0.1395874,0.035713303834199905
encoder.layers.encoder_layer_22,532,basketball,0.1413269,0.07344657182693481
encoder.layers.encoder_layer_22,533,spindle,0.28286743,0.02792298048734665
encoder.layers.encoder_layer_22,534,maze,0.25894165,0.11692413687705994
encoder.layers.encoder_layer_22,535,grains,0.17178345,0.05438534542918205
encoder.layers.encoder_layer_22,536,banner,0.18389893,-0.01283919159322977
encoder.layers.encoder_layer_22,537,ambulance,0.26776123,0.09083043038845062
encoder.layers.encoder_layer_22,538,volleyball,0.14730835,0.07031729072332382
encoder.layers.encoder_layer_22,539,tournament,0.20489502,0.06228363513946533
encoder.layers.encoder_layer_22,540,banner,0.22399902,0.023055439814925194
encoder.layers.encoder_layer_22,541,pocketpc,0.14108276,0.06564800441265106
encoder.layers.encoder_layer_22,542,fungi,0.20257568,0.15655526518821716
encoder.layers.encoder_layer_22,543,ropes,0.10031128,0.0316198393702507
encoder.layers.encoder_layer_22,544,iss,0.26202393,-0.13309933245182037
encoder.layers.encoder_layer_22,545,projectors,0.25021362,0.03709765523672104
encoder.layers.encoder_layer_22,546,polar,0.095703125,0.056044090539216995
encoder.layers.encoder_layer_22,547,tackling,0.29989624,0.09628637880086899
encoder.layers.encoder_layer_22,548,sofas,0.13189697,0.09014684706926346
encoder.layers.encoder_layer_22,549,homepage,0.1786499,0.0659204050898552
encoder.layers.encoder_layer_22,550,aquarium,0.1484375,0.05329764261841774
encoder.layers.encoder_layer_22,551,campgrounds,0.12472534,0.07063889503479004
encoder.layers.encoder_layer_22,552,tents,0.51571655,0.10987153649330139
encoder.layers.encoder_layer_22,553,blinds,0.099853516,0.049469925463199615
encoder.layers.encoder_layer_22,554,telephones,0.17993164,0.09053768217563629
encoder.layers.encoder_layer_22,555,rug,0.21829224,0.044081300497055054
encoder.layers.encoder_layer_22,556,bowl,0.3043518,0.1451597958803177
encoder.layers.encoder_layer_22,557,slug,0.27667236,0.06883496046066284
encoder.layers.encoder_layer_22,558,male,0.17327881,0.03590672090649605
encoder.layers.encoder_layer_22,559,web,0.14505005,-0.0028879353776574135
encoder.layers.encoder_layer_22,560,fruit,0.16766357,0.17293985188007355
encoder.layers.encoder_layer_22,561,textile,0.31469727,0.12727202475070953
encoder.layers.encoder_layer_22,562,cucumber,0.19418335,0.06350218504667282
encoder.layers.encoder_layer_22,563,terrier,0.09991455,-0.023524237796664238
encoder.layers.encoder_layer_22,564,clarinet,0.43011475,0.12042538076639175
encoder.layers.encoder_layer_22,565,buses,0.17089844,0.11784302443265915
encoder.layers.encoder_layer_22,566,gymnastics,0.3538208,0.12414684146642685
encoder.layers.encoder_layer_22,567,social,0.08508301,0.030332934111356735
encoder.layers.encoder_layer_22,568,volleyball,0.17797852,0.07728706300258636
encoder.layers.encoder_layer_22,569,slug,0.11395264,0.08057767152786255
encoder.layers.encoder_layer_22,570,webs,0.32687378,0.0838589072227478
encoder.layers.encoder_layer_22,571,juvenile,0.19784546,0.010634656064212322
encoder.layers.encoder_layer_22,572,snorkeling,0.30685425,0.1507381796836853
encoder.layers.encoder_layer_22,573,keyboard,0.15982056,0.1318814903497696
encoder.layers.encoder_layer_22,574,membrane,0.1317749,0.057682015001773834
encoder.layers.encoder_layer_22,575,field,0.15054321,0.1275421380996704
encoder.layers.encoder_layer_22,576,balloon,0.30303955,0.07346487790346146
encoder.layers.encoder_layer_22,577,regiment,0.18011475,0.11517713963985443
encoder.layers.encoder_layer_22,578,submarine,0.17901611,0.0665007010102272
encoder.layers.encoder_layer_22,579,puppy,0.1375122,-0.012412074953317642
encoder.layers.encoder_layer_22,580,shark,0.26971436,0.10137921571731567
encoder.layers.encoder_layer_22,581,weights,0.4465027,0.09223414957523346
encoder.layers.encoder_layer_22,582,handful,0.19680786,0.17055286467075348
encoder.layers.encoder_layer_22,583,radiator,0.23016357,0.0902942642569542
encoder.layers.encoder_layer_22,584,zebra,0.25704956,0.040576208382844925
encoder.layers.encoder_layer_22,585,kitchens,0.3222351,0.08348161727190018
encoder.layers.encoder_layer_22,586,tackling,0.2029419,0.12449239939451218
encoder.layers.encoder_layer_22,587,toaster,0.21560669,0.10404527187347412
encoder.layers.encoder_layer_22,588,alibaba,0.12591553,-0.024147838354110718
encoder.layers.encoder_layer_22,589,squash,0.18893433,0.05099555104970932
encoder.layers.encoder_layer_22,590,lock,0.15100098,0.07635024189949036
encoder.layers.encoder_layer_22,591,tournament,0.14559937,-0.005653055850416422
encoder.layers.encoder_layer_22,592,customize,0.1411438,0.033317696303129196
encoder.layers.encoder_layer_22,593,percussion,0.2559204,0.11725752800703049
encoder.layers.encoder_layer_22,594,fan,0.10021973,0.05604385957121849
encoder.layers.encoder_layer_22,595,badger,0.17941284,0.1394396275281906
encoder.layers.encoder_layer_22,596,birding,0.30075073,0.3190021514892578
encoder.layers.encoder_layer_22,597,acorn,0.43841553,0.10895330458879471
encoder.layers.encoder_layer_22,598,cub,0.19998169,0.06939700990915298
encoder.layers.encoder_layer_22,599,fruit,0.16220093,0.09578405320644379
encoder.layers.encoder_layer_22,600,sonyericsson,0.16165161,0.05434943363070488
encoder.layers.encoder_layer_22,601,greenhouse,0.13726807,0.07998669892549515
encoder.layers.encoder_layer_22,602,female,0.18740845,0.02972555346786976
encoder.layers.encoder_layer_22,603,specimen,0.25439453,0.06977858394384384
encoder.layers.encoder_layer_22,604,holster,0.14627075,0.07842079550027847
encoder.layers.encoder_layer_22,605,tennis,0.1736145,0.10059496015310287
encoder.layers.encoder_layer_22,606,billiards,0.4621582,0.08215245604515076
encoder.layers.encoder_layer_22,607,seeds,0.21911621,0.15196307003498077
encoder.layers.encoder_layer_22,608,zebra,0.39712524,0.07471366971731186
encoder.layers.encoder_layer_22,609,barrels,0.27911377,0.08367761969566345
encoder.layers.encoder_layer_22,610,spider,0.19412231,0.11560411751270294
encoder.layers.encoder_layer_22,611,radial,0.11035156,0.014827816747128963
encoder.layers.encoder_layer_22,612,keyboard,0.12310791,0.1295732706785202
encoder.layers.encoder_layer_22,613,male,0.24227905,0.018736397847533226
encoder.layers.encoder_layer_22,614,daisy,0.112213135,0.13847775757312775
encoder.layers.encoder_layer_22,615,weaving,0.15548706,0.08653772622346878
encoder.layers.encoder_layer_22,616,snorkeling,0.16882324,0.1574106216430664
encoder.layers.encoder_layer_22,617,stair,0.48068237,0.07877794653177261
encoder.layers.encoder_layer_22,618,meters,0.12719727,0.06284457445144653
encoder.layers.encoder_layer_22,619,motif,0.14767456,0.04062637314200401
encoder.layers.encoder_layer_22,620,iss,0.29629517,0.02871895022690296
encoder.layers.encoder_layer_22,621,hdd,0.1260376,0.054133858531713486
encoder.layers.encoder_layer_22,622,volcano,0.1381836,0.0751177966594696
encoder.layers.encoder_layer_22,623,squash,0.16564941,0.015051431022584438
encoder.layers.encoder_layer_22,624,squash,0.14212036,0.08125430345535278
encoder.layers.encoder_layer_22,625,scoreboard,0.1494751,0.05341094732284546
encoder.layers.encoder_layer_22,626,pour,0.16549683,0.13975487649440765
encoder.layers.encoder_layer_22,627,pen,0.105163574,0.05113598704338074
encoder.layers.encoder_layer_22,628,bloodhound,0.22058105,0.04851541295647621
encoder.layers.encoder_layer_22,629,bee,0.18881226,0.006689886562526226
encoder.layers.encoder_layer_22,630,sailing,0.222229,0.1346559077501297
encoder.layers.encoder_layer_22,631,greenhouse,0.14556885,0.05834806337952614
encoder.layers.encoder_layer_22,632,monument,0.16088867,0.13973604142665863
encoder.layers.encoder_layer_22,633,firefox,0.20315552,0.08183404803276062
encoder.layers.encoder_layer_22,634,trains,0.19824219,0.159321591258049
encoder.layers.encoder_layer_22,635,zebra,0.17272949,0.017955131828784943
encoder.layers.encoder_layer_22,636,gnu,0.3491516,0.11372783780097961
encoder.layers.encoder_layer_22,637,corridors,0.13885498,0.08775124698877335
encoder.layers.encoder_layer_22,638,secure,0.09631348,0.06956998258829117
encoder.layers.encoder_layer_22,639,cabbage,0.12643433,0.06443065404891968
encoder.layers.encoder_layer_22,640,juvenile,0.37789917,0.007963553071022034
encoder.layers.encoder_layer_22,641,bathing,0.12176514,-0.0378587581217289
encoder.layers.encoder_layer_22,642,handmade,0.13604736,0.06930403411388397
encoder.layers.encoder_layer_22,643,puppy,0.18240356,0.2872593402862549
encoder.layers.encoder_layer_22,644,superannuation,0.19226074,0.05621781572699547
encoder.layers.encoder_layer_22,645,barcode,0.27993774,0.11914849281311035
encoder.layers.encoder_layer_22,646,badger,0.18948364,0.11153440922498703
encoder.layers.encoder_layer_22,647,roofing,0.22686768,0.09012102335691452
encoder.layers.encoder_layer_22,648,mudvayne,0.23086548,-0.022813262417912483
encoder.layers.encoder_layer_22,649,tiles,0.18572998,0.13783535361289978
encoder.layers.encoder_layer_22,650,stripe,0.17074585,-0.0062315138056874275
encoder.layers.encoder_layer_22,651,beer,0.19943237,0.09159215539693832
encoder.layers.encoder_layer_22,652,linkages,0.07965088,0.024852827191352844
encoder.layers.encoder_layer_22,653,female,0.23226929,0.026918701827526093
encoder.layers.encoder_layer_22,654,weights,0.23092651,0.10306236147880554
encoder.layers.encoder_layer_22,655,fasteners,0.1618042,0.055604659020900726
encoder.layers.encoder_layer_22,656,duck,0.31069946,0.13316361606121063
encoder.layers.encoder_layer_22,657,monkeys,0.3310547,0.16675633192062378
encoder.layers.encoder_layer_22,658,insect,0.23461914,0.18345478177070618
encoder.layers.encoder_layer_22,659,pendants,0.27352905,0.10422004759311676
encoder.layers.encoder_layer_22,660,lines,0.14227295,0.05331428349018097
encoder.layers.encoder_layer_22,661,lizard,0.23269653,0.12720341980457306
encoder.layers.encoder_layer_22,662,fur,0.16397095,0.0876324251294136
encoder.layers.encoder_layer_22,663,husky,0.20645142,0.16199159622192383
encoder.layers.encoder_layer_22,664,weights,0.3628235,0.07141096144914627
encoder.layers.encoder_layer_22,665,tennis,0.21252441,0.09172531962394714
encoder.layers.encoder_layer_22,666,rifles,0.13504028,0.07191191613674164
encoder.layers.encoder_layer_22,667,vhf,0.2753296,0.04078992083668709
encoder.layers.encoder_layer_22,668,yarn,0.237854,0.10774574428796768
encoder.layers.encoder_layer_22,669,fungi,0.3942871,0.1853976845741272
encoder.layers.encoder_layer_22,670,parfum,0.2930603,0.1046319529414177
encoder.layers.encoder_layer_22,671,laserjet,0.5299988,0.10989487916231155
encoder.layers.encoder_layer_22,672,bees,0.4124756,0.07542068511247635
encoder.layers.encoder_layer_22,673,mating,0.23834229,0.007411971688270569
encoder.layers.encoder_layer_22,674,purse,0.21173096,0.10410156100988388
encoder.layers.encoder_layer_22,675,ropes,0.22106934,0.022428421303629875
encoder.layers.encoder_layer_22,676,saws,0.19897461,0.08717028796672821
encoder.layers.encoder_layer_22,677,mating,0.4241333,0.05491340160369873
encoder.layers.encoder_layer_22,678,sculptures,0.26361084,0.043241750448942184
encoder.layers.encoder_layer_22,679,ray,0.21130371,0.022295109927654266
encoder.layers.encoder_layer_22,680,dorado,0.12710571,0.014545610174536705
encoder.layers.encoder_layer_22,681,fungi,0.20675659,0.008884909562766552
encoder.layers.encoder_layer_22,682,mating,0.32818604,0.05526844412088394
encoder.layers.encoder_layer_22,683,seafood,0.0921936,0.08066637814044952
encoder.layers.encoder_layer_22,684,acorn,0.17453003,0.08848614245653152
encoder.layers.encoder_layer_22,685,terrier,0.3807068,0.22341370582580566
encoder.layers.encoder_layer_22,686,remortgage,0.09979248,0.010303700342774391
encoder.layers.encoder_layer_22,687,sparrow,0.23861694,0.1252283900976181
encoder.layers.encoder_layer_22,688,juvenile,0.2489624,0.051436059176921844
encoder.layers.encoder_layer_22,689,iss,0.25082397,-0.02230736054480076
encoder.layers.encoder_layer_22,690,female,0.28979492,-0.011181684210896492
encoder.layers.encoder_layer_22,691,cassettes,0.15197754,0.0932219997048378
encoder.layers.encoder_layer_22,692,snorkeling,0.20550537,0.0825653076171875
encoder.layers.encoder_layer_22,693,flute,0.18939209,0.08630486577749252
encoder.layers.encoder_layer_22,694,weights,0.24954224,0.07637090235948563
encoder.layers.encoder_layer_22,695,landscapes,0.17807007,0.1729167252779007
encoder.layers.encoder_layer_22,696,performers,0.14962769,0.12995418906211853
encoder.layers.encoder_layer_22,697,hummer,0.23684692,0.08115741610527039
encoder.layers.encoder_layer_22,698,swan,0.12435913,0.1064971536397934
encoder.layers.encoder_layer_22,699,bedrooms,0.14038086,0.0523621067404747
encoder.layers.encoder_layer_22,700,samson,0.14187622,-0.0019728592596948147
encoder.layers.encoder_layer_22,701,sailing,0.1689148,0.069505475461483
encoder.layers.encoder_layer_22,702,trojans,0.1199646,0.12074361741542816
encoder.layers.encoder_layer_22,703,vehicles,0.17132568,0.23568814992904663
encoder.layers.encoder_layer_22,704,yellowstone,0.26635742,0.0708269327878952
encoder.layers.encoder_layer_22,705,archery,0.118255615,0.06347198039293289
encoder.layers.encoder_layer_22,706,sewer,0.20986938,0.11635236442089081
encoder.layers.encoder_layer_22,707,mosque,0.2774048,0.06605824828147888
encoder.layers.encoder_layer_22,708,greyhound,0.33398438,0.16188810765743256
encoder.layers.encoder_layer_22,709,lobster,0.11331177,0.06408100575208664
encoder.layers.encoder_layer_22,710,toolkit,0.11376953,0.07225338369607925
encoder.layers.encoder_layer_22,711,bei,0.15777588,-0.005478298757225275
encoder.layers.encoder_layer_22,712,monkey,0.18414307,0.006539000663906336
encoder.layers.encoder_layer_22,713,aquarium,0.10934448,0.0421246699988842
encoder.layers.encoder_layer_22,714,dog,0.3027954,0.26343825459480286
encoder.layers.encoder_layer_22,715,lines,0.13201904,0.04985615238547325
encoder.layers.encoder_layer_22,716,coral,0.2566223,0.1533065289258957
encoder.layers.encoder_layer_22,717,parfum,0.14291382,0.09124379605054855
encoder.layers.encoder_layer_22,718,wildlife,0.23382568,0.13138523697853088
encoder.layers.encoder_layer_22,719,bedrooms,0.16467285,0.09179379791021347
encoder.layers.encoder_layer_22,720,greenhouse,0.25683594,0.0798562616109848
encoder.layers.encoder_layer_22,721,banner,0.11425781,0.01185169629752636
encoder.layers.encoder_layer_22,722,regard,0.18023682,0.11091109365224838
encoder.layers.encoder_layer_22,723,mushroom,0.26239014,0.12377125024795532
encoder.layers.encoder_layer_22,724,bedrooms,0.19796753,0.05826891213655472
encoder.layers.encoder_layer_22,725,percussion,0.22021484,0.17397983372211456
encoder.layers.encoder_layer_22,726,juvenile,0.34429932,0.06942681968212128
encoder.layers.encoder_layer_22,727,furnished,0.15509033,0.10931681841611862
encoder.layers.encoder_layer_22,728,shepherd,0.18017578,0.14411360025405884
encoder.layers.encoder_layer_22,729,slug,0.3118286,0.09029528498649597
encoder.layers.encoder_layer_22,730,ibis,0.13052368,0.0008844798430800438
encoder.layers.encoder_layer_22,731,instrument,0.12597656,0.004306611604988575
encoder.layers.encoder_layer_22,732,trays,0.13119507,0.07298936694860458
encoder.layers.encoder_layer_22,733,helmet,0.3178711,0.11033224314451218
encoder.layers.encoder_layer_22,734,terrier,0.21899414,0.13936181366443634
encoder.layers.encoder_layer_22,735,checker,0.17181396,0.008770953863859177
encoder.layers.encoder_layer_22,736,bananas,0.13427734,0.05312339588999748
encoder.layers.encoder_layer_22,737,electrode,0.109375,0.047454409301280975
encoder.layers.encoder_layer_22,738,horse,0.17858887,0.07888243347406387
encoder.layers.encoder_layer_22,739,emu,0.1796875,0.04426940158009529
encoder.layers.encoder_layer_22,740,swimwear,0.1465149,0.09731922298669815
encoder.layers.encoder_layer_22,741,juvenile,0.16772461,0.12300129979848862
encoder.layers.encoder_layer_22,742,assortment,0.15222168,0.18691898882389069
encoder.layers.encoder_layer_22,743,instrument,0.22262573,0.2479870766401291
encoder.layers.encoder_layer_22,744,cabbage,0.2809143,0.055333685129880905
encoder.layers.encoder_layer_22,745,bloodhound,0.17895508,0.03740400820970535
encoder.layers.encoder_layer_22,746,espresso,0.1402893,0.10991692543029785
encoder.layers.encoder_layer_22,747,ape,0.26522827,0.04961784929037094
encoder.layers.encoder_layer_22,748,mating,0.18637085,0.12604647874832153
encoder.layers.encoder_layer_22,749,flower,0.12414551,0.09509595483541489
encoder.layers.encoder_layer_22,750,grenadines,0.24520874,0.07475137710571289
encoder.layers.encoder_layer_22,751,violin,0.18609619,0.08225380629301071
encoder.layers.encoder_layer_22,752,pistols,0.150177,0.05844218283891678
encoder.layers.encoder_layer_22,753,rhino,0.11935425,0.005863822530955076
encoder.layers.encoder_layer_22,754,social,0.089904785,0.03916647285223007
encoder.layers.encoder_layer_22,755,memorabilia,0.1857605,0.06882701814174652
encoder.layers.encoder_layer_22,756,instrument,0.16607666,0.20487035810947418
encoder.layers.encoder_layer_22,757,leaf,0.19720459,0.07624467462301254
encoder.layers.encoder_layer_22,758,clarinet,0.25735474,0.11316370964050293
encoder.layers.encoder_layer_22,759,bathroom,0.15216064,0.0816405862569809
encoder.layers.encoder_layer_22,760,juvenile,0.27993774,-0.0190895888954401
encoder.layers.encoder_layer_22,761,tournament,0.27697754,-0.010868317447602749
encoder.layers.encoder_layer_22,762,manufacturer,0.11489868,0.043383289128541946
encoder.layers.encoder_layer_22,763,billiards,0.26474,0.07596726715564728
encoder.layers.encoder_layer_22,764,radiator,0.26834106,0.07902239263057709
encoder.layers.encoder_layer_22,765,knit,0.1053772,0.03303031250834465
encoder.layers.encoder_layer_22,766,jaws,0.20465088,0.09257223457098007
encoder.layers.encoder_layer_22,767,habit,0.34576416,-0.058331843465566635
encoder.layers.encoder_layer_22,768,zebra,0.23376465,0.015223830007016659
encoder.layers.encoder_layer_22,769,dogs,0.28808594,0.44482460618019104
encoder.layers.encoder_layer_22,770,bees,0.2626953,0.0732671469449997
encoder.layers.encoder_layer_22,771,maze,0.42800903,0.11126122623682022
encoder.layers.encoder_layer_22,772,fishing,0.093933105,0.10249285399913788
encoder.layers.encoder_layer_22,773,projector,0.10687256,0.028121674433350563
encoder.layers.encoder_layer_22,774,screws,0.29901123,0.10373431444168091
encoder.layers.encoder_layer_22,775,parrot,0.30563354,0.11962707340717316
encoder.layers.encoder_layer_22,776,tournament,0.31323242,0.09868643432855606
encoder.layers.encoder_layer_22,777,terrier,0.17681885,0.09002044796943665
encoder.layers.encoder_layer_22,778,arabidopsis,0.11505127,-0.0018237408949062228
encoder.layers.encoder_layer_22,779,terrier,0.23028564,0.16742010414600372
encoder.layers.encoder_layer_22,780,pouch,0.11230469,0.06636796146631241
encoder.layers.encoder_layer_22,781,crossword,0.08572388,0.033807527273893356
encoder.layers.encoder_layer_22,782,juvenile,0.32870483,0.0029905643314123154
encoder.layers.encoder_layer_22,783,fences,0.26852417,0.06866411119699478
encoder.layers.encoder_layer_22,784,female,0.38705444,0.01572468690574169
encoder.layers.encoder_layer_22,785,accommodations,0.17922974,0.04726739972829819
encoder.layers.encoder_layer_22,786,crossword,0.18307495,0.08205150812864304
encoder.layers.encoder_layer_22,787,lizard,0.51174927,0.2240791618824005
encoder.layers.encoder_layer_22,788,scissors,0.13082886,0.07955759763717651
encoder.layers.encoder_layer_22,789,male,0.17999268,-0.03280673548579216
encoder.layers.encoder_layer_22,790,coaching,0.16247559,0.11183086782693863
encoder.layers.encoder_layer_22,791,specimen,0.46072388,0.002213635016232729
encoder.layers.encoder_layer_22,792,venice,0.19378662,0.08904091268777847
encoder.layers.encoder_layer_22,793,dungeon,0.23712158,-0.0020024164114147425
encoder.layers.encoder_layer_22,794,time,0.09005737,0.06614364683628082
encoder.layers.encoder_layer_22,795,female,0.25338745,0.012265336699783802
encoder.layers.encoder_layer_22,796,printprinter,0.1638794,0.09780426323413849
encoder.layers.encoder_layer_22,797,beetle,0.114227295,0.020343417301774025
encoder.layers.encoder_layer_22,798,mating,0.28601074,0.31558647751808167
encoder.layers.encoder_layer_22,799,brushes,0.24423218,0.06394724547863007
encoder.layers.encoder_layer_22,800,cub,0.12008667,0.019052021205425262
encoder.layers.encoder_layer_22,801,fences,0.24465942,0.1188998743891716
encoder.layers.encoder_layer_22,802,combines,0.09725952,0.06398428976535797
encoder.layers.encoder_layer_22,803,mating,0.2927246,0.034069158136844635
encoder.layers.encoder_layer_22,804,dog,0.19000244,0.4159988462924957
encoder.layers.encoder_layer_22,805,juvenile,0.19284058,0.0748617947101593
encoder.layers.encoder_layer_22,806,horticulture,0.09030151,0.1731864959001541
encoder.layers.encoder_layer_22,807,analyzer,0.15460205,0.09833120554685593
encoder.layers.encoder_layer_22,808,dragonfly,0.45404053,0.11948565393686295
encoder.layers.encoder_layer_22,809,casio,0.26254272,0.09403254091739655
encoder.layers.encoder_layer_22,810,injection,0.19839478,0.07730691879987717
encoder.layers.encoder_layer_22,811,meters,0.23220825,0.06881555169820786
encoder.layers.encoder_layer_22,812,highways,0.2989807,0.07626991719007492
encoder.layers.encoder_layer_22,813,retriever,0.3312683,0.28638651967048645
encoder.layers.encoder_layer_22,814,monument,0.15460205,0.0801064744591713
encoder.layers.encoder_layer_22,815,barrels,0.43133545,0.11840825527906418
encoder.layers.encoder_layer_22,816,bedrooms,0.2659607,0.04781470075249672
encoder.layers.encoder_layer_22,817,airborne,0.18786621,0.042082224041223526
encoder.layers.encoder_layer_22,818,switchboard,0.12503052,0.05584384500980377
encoder.layers.encoder_layer_22,819,rome,0.14389038,0.08798404037952423
encoder.layers.encoder_layer_22,820,flowers,0.1652832,0.07146310806274414
encoder.layers.encoder_layer_22,821,trains,0.18518066,0.10390055924654007
encoder.layers.encoder_layer_22,822,pendants,0.2876892,0.024052634835243225
encoder.layers.encoder_layer_22,823,manufacturer,0.11679077,-0.06630997359752655
encoder.layers.encoder_layer_22,824,cabbage,0.1232605,0.051843758672475815
encoder.layers.encoder_layer_22,825,thistle,0.35946655,0.14140313863754272
encoder.layers.encoder_layer_22,826,perfumes,0.21295166,0.08223090320825577
encoder.layers.encoder_layer_22,827,webs,0.4241333,0.06899671256542206
encoder.layers.encoder_layer_22,828,equine,0.19937134,0.09802167862653732
encoder.layers.encoder_layer_22,829,bedrooms,0.50387573,0.11538104712963104
encoder.layers.encoder_layer_22,830,cabbage,0.2909851,0.1304354965686798
encoder.layers.encoder_layer_22,831,bees,0.24389648,0.048911649733781815
encoder.layers.encoder_layer_22,832,tennis,0.29934692,0.10445448756217957
encoder.layers.encoder_layer_22,833,banner,0.18048096,-0.008045075461268425
encoder.layers.encoder_layer_22,834,fountains,0.2333374,0.10851377993822098
encoder.layers.encoder_layer_22,835,eagle,0.26345825,0.14575248956680298
encoder.layers.encoder_layer_22,836,dug,0.14517212,-0.020778026431798935
encoder.layers.encoder_layer_22,837,tackling,0.19223022,0.09315939992666245
encoder.layers.encoder_layer_22,838,utensils,0.13452148,0.0789121687412262
encoder.layers.encoder_layer_22,839,limousine,0.22976685,0.06930407881736755
encoder.layers.encoder_layer_22,840,juvenile,0.35925293,0.09102007001638412
encoder.layers.encoder_layer_22,841,tents,0.15002441,-0.009973185136914253
encoder.layers.encoder_layer_22,842,missile,0.20791626,0.1009632870554924
encoder.layers.encoder_layer_22,843,customize,0.11428833,0.015916911885142326
encoder.layers.encoder_layer_22,844,textile,0.14312744,0.08306794613599777
encoder.layers.encoder_layer_22,845,social,0.10748291,-0.03887305408716202
encoder.layers.encoder_layer_22,846,habit,0.41818237,-0.03278949484229088
encoder.layers.encoder_layer_22,847,monarch,0.31555176,0.09319838136434555
encoder.layers.encoder_layer_22,848,projectors,0.21026611,0.03725641593337059
encoder.layers.encoder_layer_22,849,fruit,0.25552368,0.13546448945999146
encoder.layers.encoder_layer_22,850,wildlife,0.20007324,0.1762227565050125
encoder.layers.encoder_layer_22,851,bananas,0.19067383,0.0412040539085865
encoder.layers.encoder_layer_22,852,fur,0.11520386,0.05680973827838898
encoder.layers.encoder_layer_22,853,carp,0.123565674,0.08887951821088791
encoder.layers.encoder_layer_22,854,fluffy,0.2010498,0.19316279888153076
encoder.layers.encoder_layer_22,855,pen,0.14990234,0.11034919321537018
encoder.layers.encoder_layer_22,856,habit,0.4630432,-0.014468022622168064
encoder.layers.encoder_layer_22,857,banner,0.17971802,0.056507110595703125
encoder.layers.encoder_layer_22,858,hvac,0.12771606,0.0377730168402195
encoder.layers.encoder_layer_22,859,reptiles,0.1894226,0.29967498779296875
encoder.layers.encoder_layer_22,860,sailing,0.17584229,0.13593801856040955
encoder.layers.encoder_layer_22,861,petrol,0.18405151,0.05557920038700104
encoder.layers.encoder_layer_22,862,sail,0.10964966,0.09449955075979233
encoder.layers.encoder_layer_22,863,slug,0.17236328,0.08456743508577347
encoder.layers.encoder_layer_22,864,fungi,0.19256592,0.09348902106285095
encoder.layers.encoder_layer_22,865,tent,0.11694336,0.05471695587038994
encoder.layers.encoder_layer_22,866,handmade,0.17700195,0.10233842581510544
encoder.layers.encoder_layer_22,867,weights,0.38650513,0.07127513736486435
encoder.layers.encoder_layer_22,868,yellowstone,0.13626099,0.08084467053413391
encoder.layers.encoder_layer_22,869,fungi,0.32232666,0.12987510859966278
encoder.layers.encoder_layer_22,870,terrier,0.20788574,-0.003582719713449478
encoder.layers.encoder_layer_22,871,guitars,0.14627075,0.09381470084190369
encoder.layers.encoder_layer_22,872,monument,0.16235352,0.09712493419647217
encoder.layers.encoder_layer_22,873,grains,0.12088013,0.05818343907594681
encoder.layers.encoder_layer_22,874,cabbage,0.289917,0.1196662038564682
encoder.layers.encoder_layer_22,875,kong,0.19216919,0.12165632098913193
encoder.layers.encoder_layer_22,876,tournament,0.13739014,0.04986709728837013
encoder.layers.encoder_layer_22,877,lattice,0.16351318,-0.0011416964698582888
encoder.layers.encoder_layer_22,878,thermometer,0.08596802,0.04164253547787666
encoder.layers.encoder_layer_22,879,guinea,0.430542,0.10979417711496353
encoder.layers.encoder_layer_22,880,snorkeling,0.20806885,0.10033787041902542
encoder.layers.encoder_layer_22,881,dog,0.29400635,0.34130561351776123
encoder.layers.encoder_layer_22,882,pike,0.14718628,0.04359444975852966
encoder.layers.encoder_layer_22,883,maize,0.24475098,0.08207815140485764
encoder.layers.encoder_layer_22,884,qualifying,0.100616455,0.06486931443214417
encoder.layers.encoder_layer_22,885,whales,0.087646484,0.06303969770669937
encoder.layers.encoder_layer_22,886,ibis,0.2578125,0.05116543173789978
encoder.layers.encoder_layer_22,887,fox,0.23971558,0.1559883952140808
encoder.layers.encoder_layer_22,888,emu,0.19424438,0.09576760977506638
encoder.layers.encoder_layer_22,889,female,0.1743164,-0.03479013219475746
encoder.layers.encoder_layer_22,890,monument,0.1335144,0.09364709258079529
encoder.layers.encoder_layer_22,891,monkeys,0.1643982,-0.00754184415563941
encoder.layers.encoder_layer_22,892,shell,0.17645264,0.07981319725513458
encoder.layers.encoder_layer_22,893,shoes,0.12011719,0.11666789650917053
encoder.layers.encoder_layer_22,894,sewing,0.16668701,0.06450039893388748
encoder.layers.encoder_layer_22,895,shellfish,0.20800781,0.16718965768814087
encoder.layers.encoder_layer_22,896,aquarium,0.3166809,0.13724760711193085
encoder.layers.encoder_layer_22,897,meters,0.14712524,0.09773945063352585
encoder.layers.encoder_layer_22,898,eagle,0.13394165,0.10751599818468094
encoder.layers.encoder_layer_22,899,utensils,0.20297241,0.2168845385313034
encoder.layers.encoder_layer_22,900,spindle,0.35906982,0.09971201419830322
encoder.layers.encoder_layer_22,901,textile,0.3081665,0.09612840414047241
encoder.layers.encoder_layer_22,902,crossword,0.12496948,0.06474784761667252
encoder.layers.encoder_layer_22,903,snorkeling,0.26281738,0.14497165381908417
encoder.layers.encoder_layer_22,904,fan,0.24014282,0.10877062380313873
encoder.layers.encoder_layer_22,905,tennis,0.13168335,0.0812651664018631
encoder.layers.encoder_layer_22,906,dragonfly,0.20413208,0.11666911095380783
encoder.layers.encoder_layer_22,907,laserjet,0.40072632,0.12278489768505096
encoder.layers.encoder_layer_22,908,hare,0.08041382,0.10269772261381149
encoder.layers.encoder_layer_22,909,puppy,0.12866211,0.25471940636634827
encoder.layers.encoder_layer_22,910,maze,0.1395874,0.0802980363368988
encoder.layers.encoder_layer_22,911,lines,0.22680664,0.11725424230098724
encoder.layers.encoder_layer_22,912,spiral,0.32113647,0.06081750988960266
encoder.layers.encoder_layer_22,913,clarinet,0.19363403,0.07787253707647324
encoder.layers.encoder_layer_22,914,volleyball,0.13528442,0.07735613733530045
encoder.layers.encoder_layer_22,915,whales,0.15283203,0.06395432353019714
encoder.layers.encoder_layer_22,916,helmet,0.23294067,0.12220805883407593
encoder.layers.encoder_layer_22,917,orchid,0.15164185,0.07624531537294388
encoder.layers.encoder_layer_22,918,birding,0.3279724,0.06107812002301216
encoder.layers.encoder_layer_22,919,projectors,0.29458618,0.05343005806207657
encoder.layers.encoder_layer_22,920,monument,0.17828369,0.10808825492858887
encoder.layers.encoder_layer_22,921,joystick,0.25637817,0.10167521238327026
encoder.layers.encoder_layer_22,922,aquaculture,0.14260864,0.03595215827226639
encoder.layers.encoder_layer_22,923,pavilion,0.18658447,0.13552172482013702
encoder.layers.encoder_layer_22,924,dotted,0.14035034,-0.01670355349779129
encoder.layers.encoder_layer_22,925,hay,0.332489,0.06673634052276611
encoder.layers.encoder_layer_22,926,orchid,0.2871704,0.09217040985822678
encoder.layers.encoder_layer_22,927,barcode,0.14700317,0.05981849133968353
encoder.layers.encoder_layer_22,928,larvae,0.39022827,0.13537120819091797
encoder.layers.encoder_layer_22,929,orchid,0.19726562,0.10419545322656631
encoder.layers.encoder_layer_22,930,dog,0.19949341,0.2466556578874588
encoder.layers.encoder_layer_22,931,garnet,0.23931885,0.020682282745838165
encoder.layers.encoder_layer_22,932,terrier,0.14779663,0.1042274460196495
encoder.layers.encoder_layer_22,933,dots,0.17346191,0.04089461266994476
encoder.layers.encoder_layer_22,934,monarch,0.23751831,0.1330675184726715
encoder.layers.encoder_layer_22,935,customizing,0.087371826,-0.006284122355282307
encoder.layers.encoder_layer_22,936,bananas,0.47473145,0.09221584349870682
encoder.layers.encoder_layer_22,937,barrels,0.15771484,0.07643192261457443
encoder.layers.encoder_layer_22,938,basename,0.12564087,-0.010117778554558754
encoder.layers.encoder_layer_22,939,terrier,0.28100586,0.19353313744068146
encoder.layers.encoder_layer_22,940,juvenile,0.35168457,0.12827494740486145
encoder.layers.encoder_layer_22,941,zebra,0.11206055,0.004383446183055639
encoder.layers.encoder_layer_22,942,zebra,0.17126465,0.061391036957502365
encoder.layers.encoder_layer_22,943,monkeys,0.27236938,0.13894040882587433
encoder.layers.encoder_layer_22,944,baskets,0.15957642,0.10761557519435883
encoder.layers.encoder_layer_22,945,wreck,0.26391602,0.1243232786655426
encoder.layers.encoder_layer_22,946,birds,0.10461426,0.07654362916946411
encoder.layers.encoder_layer_22,947,maze,0.18008423,0.10096614807844162
encoder.layers.encoder_layer_22,948,terrier,0.1359253,0.1056395173072815
encoder.layers.encoder_layer_22,949,wildlife,0.2114563,0.15637409687042236
encoder.layers.encoder_layer_22,950,overlay,0.10269165,0.05292930081486702
encoder.layers.encoder_layer_22,951,manufacturer,0.26119995,-0.024954168125987053
encoder.layers.encoder_layer_22,952,telephones,0.20388794,0.11297987401485443
encoder.layers.encoder_layer_22,953,zebra,0.18365479,0.08637267351150513
encoder.layers.encoder_layer_22,954,barbuda,0.07229614,0.09457631409168243
encoder.layers.encoder_layer_22,955,percussion,0.24591064,0.12077757716178894
encoder.layers.encoder_layer_22,956,tent,0.33380127,0.13154548406600952
encoder.layers.encoder_layer_22,957,monkey,0.14074707,0.09066828340291977
encoder.layers.encoder_layer_22,958,snorkeling,0.15301514,0.09545814245939255
encoder.layers.encoder_layer_22,959,lighter,0.09829712,0.07647653669118881
encoder.layers.encoder_layer_22,960,fluffy,0.13824463,0.1857544332742691
encoder.layers.encoder_layer_22,961,tackling,0.1618042,0.09034907072782516
encoder.layers.encoder_layer_22,962,rancho,0.20043945,0.05531857907772064
encoder.layers.encoder_layer_22,963,juvenile,0.33444214,0.2767830193042755
encoder.layers.encoder_layer_22,964,defend,0.09603882,-0.04218721017241478
encoder.layers.encoder_layer_22,965,percussion,0.11685181,0.1183311864733696
encoder.layers.encoder_layer_22,966,lines,0.146698,0.08982937783002853
encoder.layers.encoder_layer_22,967,animalsex,0.1706543,0.28146082162857056
encoder.layers.encoder_layer_22,968,penguins,0.3572693,0.1210428774356842
encoder.layers.encoder_layer_22,969,birding,0.17666626,-0.0011329672997817397
encoder.layers.encoder_layer_22,970,juvenile,0.30203247,0.08534887433052063
encoder.layers.encoder_layer_22,971,radiator,0.17242432,0.09937438368797302
encoder.layers.encoder_layer_22,972,habit,0.31829834,-0.05498575419187546
encoder.layers.encoder_layer_22,973,beaver,0.2053833,0.04927889630198479
encoder.layers.encoder_layer_22,974,slug,0.25231934,0.04810447245836258
encoder.layers.encoder_layer_22,975,yellowstone,0.16275024,0.05702310800552368
encoder.layers.encoder_layer_22,976,deg,0.20098877,-0.03387503698468208
encoder.layers.encoder_layer_22,977,female,0.28744507,0.01847519353032112
encoder.layers.encoder_layer_22,978,flowers,0.15808105,0.10058547556400299
encoder.layers.encoder_layer_22,979,female,0.2291565,0.02727677673101425
encoder.layers.encoder_layer_22,980,dotted,0.19241333,0.0505710244178772
encoder.layers.encoder_layer_22,981,plane,0.14733887,0.000791505619417876
encoder.layers.encoder_layer_22,982,orange,0.12121582,0.05495617538690567
encoder.layers.encoder_layer_22,983,hummer,0.111450195,0.02542162500321865
encoder.layers.encoder_layer_22,984,carriers,0.11138916,0.12038017809391022
encoder.layers.encoder_layer_22,985,fruit,0.31243896,0.12566344439983368
encoder.layers.encoder_layer_22,986,cartridges,0.19946289,0.10165464133024216
encoder.layers.encoder_layer_22,987,paved,0.1529541,0.09980510175228119
encoder.layers.encoder_layer_22,988,observatory,0.119140625,0.10621330142021179
encoder.layers.encoder_layer_22,989,hoodia,0.08239746,-0.0020461962558329105
encoder.layers.encoder_layer_22,990,mating,0.27624512,0.1807861626148224
encoder.layers.encoder_layer_22,991,lighter,0.07284546,0.05223289504647255
encoder.layers.encoder_layer_22,992,clarinet,0.14309692,0.09827780723571777
encoder.layers.encoder_layer_22,993,hogtied,0.16183472,0.0033465849701315165
encoder.layers.encoder_layer_22,994,crochet,0.1979065,0.042720407247543335
encoder.layers.encoder_layer_22,995,wildlife,0.19909668,0.27823612093925476
encoder.layers.encoder_layer_22,996,slug,0.18121338,0.0501212514936924
encoder.layers.encoder_layer_22,997,organ,0.1505127,0.07546568661928177
encoder.layers.encoder_layer_22,998,tournament,0.26107788,0.044116660952568054
encoder.layers.encoder_layer_22,999,dragonfly,0.2892456,0.08138035982847214
encoder.layers.encoder_layer_22,1000,slug,0.27575684,0.02765951305627823
encoder.layers.encoder_layer_22,1001,monkey,0.16845703,0.12072565406560898
encoder.layers.encoder_layer_22,1002,rocks,0.13095093,0.11958155781030655
encoder.layers.encoder_layer_22,1003,motif,0.12734985,0.010399441234767437
encoder.layers.encoder_layer_22,1004,juvenile,0.16778564,0.04053391516208649
encoder.layers.encoder_layer_22,1005,parrot,0.20877075,0.08102152496576309
encoder.layers.encoder_layer_22,1006,greenhouse,0.27630615,0.11420738697052002
encoder.layers.encoder_layer_22,1007,venice,0.38076782,0.0604170598089695
encoder.layers.encoder_layer_22,1008,blinds,0.3050537,0.05535063520073891
encoder.layers.encoder_layer_22,1009,crochet,0.1401062,0.02170267142355442
encoder.layers.encoder_layer_22,1010,airfares,0.10159302,0.05176914483308792
encoder.layers.encoder_layer_22,1011,fostering,0.19345093,0.08992919325828552
encoder.layers.encoder_layer_22,1012,female,0.20114136,0.00033316720509901643
encoder.layers.encoder_layer_22,1013,whales,0.13497925,0.09160459041595459
encoder.layers.encoder_layer_22,1014,juvenile,0.20932007,-0.007545467931777239
encoder.layers.encoder_layer_22,1015,textile,0.13418579,0.04806166887283325
encoder.layers.encoder_layer_22,1016,skiing,0.1222229,0.09537780284881592
encoder.layers.encoder_layer_22,1017,banner,0.17889404,-0.023227570578455925
encoder.layers.encoder_layer_22,1018,appliances,0.24581909,0.17769616842269897
encoder.layers.encoder_layer_22,1019,curtain,0.12768555,0.08762063831090927
encoder.layers.encoder_layer_22,1020,tackling,0.1878357,0.07180318981409073
encoder.layers.encoder_layer_22,1021,ducks,0.123291016,0.06556802988052368
encoder.layers.encoder_layer_22,1022,bedrooms,0.3580017,0.07135866582393646
encoder.layers.encoder_layer_22,1023,juvenile,0.315094,0.06112818047404289
